Account_Type,Alternative,Cash,Equity,Fixed Income,Grand Total
Crypto Wallet,18746.2533,,,,18746.2533
Retirement,,,19519.30144,13997.65077,17678.75122
Taxable,24054.05404,13999.38731,,19175.34846,17844.20123
